Datetime,Water Level (m)
2025-03-19 18:00:00,-0.98872364
2025-03-19 19:00:00,-0.61806655
2025-03-19 20:00:00,-0.21229012
2025-03-19 21:00:00,0.16465402
2025-03-19 22:00:00,0.4815645
2025-03-19 23:00:00,0.66734165
2025-03-20 00:00:00,0.59668607
2025-03-20 01:00:00,0.29181162
2025-03-20 02:00:00,-0.12697518
2025-03-20 03:00:00,-0.62070084
2025-03-20 04:00:00,-1.0793496
2025-03-20 05:00:00,-1.3785385
2025-03-20 06:00:00,-1.2194082
2025-03-20 07:00:00,-0.77063483
2025-03-20 08:00:00,-0.28331506
2025-03-20 09:00:00,0.16959895
2025-03-20 10:00:00,0.5404996
2025-03-20 11:00:00,0.8372051
2025-03-20 12:00:00,0.8965016
2025-03-20 13:00:00,0.7036266
2025-03-20 14:00:00,0.31919175
2025-03-20 15:00:00,-0.1168036
2025-03-20 16:00:00,-0.572051
2025-03-20 17:00:00,-0.96796525
2025-03-20 18:00:00,-1.1435702
2025-03-20 19:00:00,-0.8969205
2025-03-20 20:00:00,-0.55447733
2025-03-20 21:00:00,-0.1760096
2025-03-20 22:00:00,0.15932429
2025-03-20 23:00:00,0.41012704
2025-03-21 00:00:00,0.50036037
2025-03-21 01:00:00,0.34284216
2025-03-21 02:00:00,0.014439092
2025-03-21 03:00:00,-0.4012594
2025-03-21 04:00:00,-0.8275895
2025-03-21 05:00:00,-1.2075342
2025-03-21 06:00:00,-1.3345244
2025-03-21 07:00:00,-1.0410926
2025-03-21 08:00:00,-0.64075184
2025-03-21 09:00:00,-0.19056737
2025-03-21 10:00:00,0.20932873
2025-03-21 11:00:00,0.5438976
2025-03-21 12:00:00,0.77257997
2025-03-21 13:00:00,0.7765532
2025-03-21 14:00:00,0.5597729
2025-03-21 15:00:00,0.19173369
2025-03-21 16:00:00,-0.20902754
2025-03-21 17:00:00,-0.6040022
2025-03-21 18:00:00,-0.9133641
2025-03-21 19:00:00,-1.0386153
2025-03-21 20:00:00,-0.85691446
2025-03-21 21:00:00,-0.5941055
2025-03-21 22:00:00,-0.2903426
2025-03-21 23:00:00,-0.049575824
2025-03-22 00:00:00,0.11430824
2025-03-22 01:00:00,0.12597647
2025-03-22 02:00:00,-0.060889278
2025-03-22 03:00:00,-0.3631385
2025-03-22 04:00:00,-0.71544963
2025-03-22 05:00:00,-1.0489548
2025-03-22 06:00:00,-1.2595167
2025-03-22 07:00:00,-1.2018676
2025-03-22 08:00:00,-0.92194325
2025-03-22 09:00:00,-0.5642007
2025-03-22 10:00:00,-0.16358912
2025-03-22 11:00:00,0.18598908
2025-03-22 12:00:00,0.4785826
2025-03-22 13:00:00,0.6595276
2025-03-22 14:00:00,0.6497483
2025-03-22 15:00:00,0.4494972
2025-03-22 16:00:00,0.13016666
2025-03-22 17:00:00,-0.22441126
2025-03-22 18:00:00,-0.552749
2025-03-22 19:00:00,-0.8139399
2025-03-22 20:00:00,-0.958612
2025-03-22 21:00:00,-0.8706815
2025-03-22 22:00:00,-0.6977494
2025-03-22 23:00:00,-0.4648243
2025-03-23 00:00:00,-0.22718212
2025-03-23 01:00:00,-0.05248324
2025-03-23 02:00:00,0.04274956
2025-03-23 03:00:00,0.0023741187
2025-03-23 04:00:00,-0.16884933
2025-03-23 05:00:00,-0.40353465
2025-03-23 06:00:00,-0.6553763
2025-03-23 07:00:00,-0.86973274
2025-03-23 08:00:00,-0.96278423
2025-03-23 09:00:00,-0.85727215
2025-03-23 10:00:00,-0.6400202
2025-03-23 11:00:00,-0.32914755
2025-03-23 12:00:00,0.003765343
2025-03-23 13:00:00,0.29818508
2025-03-23 14:00:00,0.531093
2025-03-23 15:00:00,0.63084364
2025-03-23 16:00:00,0.5618137
2025-03-23 17:00:00,0.31436744
2025-03-23 18:00:00,-0.0066999216
2025-03-23 19:00:00,-0.3432813
2025-03-23 20:00:00,-0.6747861
2025-03-23 21:00:00,-0.9387484
2025-03-23 22:00:00,-1.0691749
2025-03-23 23:00:00,-0.98281205
2025-03-24 00:00:00,-0.7760179
2025-03-24 01:00:00,-0.5038614
2025-03-24 02:00:00,-0.21792877
2025-03-24 03:00:00,0.0038108916
2025-03-24 04:00:00,0.15381868
2025-03-24 05:00:00,0.17072222
2025-03-24 06:00:00,0.036233984
2025-03-24 07:00:00,-0.22669977
2025-03-24 08:00:00,-0.5186934
2025-03-24 09:00:00,-0.7817922
2025-03-24 10:00:00,-0.94258875
2025-03-24 11:00:00,-0.87182283
2025-03-24 12:00:00,-0.6212971
2025-03-24 13:00:00,-0.26719683
2025-03-24 14:00:00,0.09261011
2025-03-24 15:00:00,0.42761827
2025-03-24 16:00:00,0.69703174
2025-03-24 17:00:00,0.8084685
2025-03-24 18:00:00,0.70588374
2025-03-24 19:00:00,0.39847556
2025-03-24 20:00:00,0.004797155
2025-03-24 21:00:00,-0.43419874
2025-03-24 22:00:00,-0.8122486
2025-03-24 23:00:00,-1.1305414
2025-03-25 00:00:00,-1.1370463
2025-03-25 01:00:00,-0.87067676
2025-03-25 02:00:00,-0.5389298
2025-03-25 03:00:00,-0.16217409
2025-03-25 04:00:00,0.13697101
2025-03-25 05:00:00,0.37457523
2025-03-25 06:00:00,0.46023458
2025-03-25 07:00:00,0.32866877
2025-03-25 08:00:00,0.027383251
2025-03-25 09:00:00,-0.3471943
2025-03-25 10:00:00,-0.7397015
2025-03-25 11:00:00,-1.0522348
2025-03-25 12:00:00,-1.0712528
2025-03-25 13:00:00,-0.7171397
2025-03-25 14:00:00,-0.28764984
2025-03-25 15:00:00,0.16785417
2025-03-25 16:00:00,0.5544622
2025-03-25 17:00:00,0.8850405
2025-03-25 18:00:00,1.0260862
